{
	"credit": "Made with Blockbench",
	"ambientocclusion": false,
	"texture_size": [32, 16],
	"textures": {
		"0": "block/glow_lichen",
		"particle": "block/glow_lichen"
	},
	"elements": [
		{
			"from": [0, 0, 15.9],
			"to": [16, 16, 15.9],
			"rotation": {"angle": 0, "axis": "y", "origin": [8, 8, 16]},
			"faces": {
				"north": {"uv": [8, 0, 0, 16], "texture": "#0"},
				"south": {"uv": [0, 0, 8, 16], "texture": "#0"}
			}
		},
		{
			"from": [0, 7.9, 15.8],
			"to": [16, 16.9, 15.8],
			"rotation": {"angle": -45, "axis": "x", "origin": [8, 8, 16]},
			"faces": {
				"north": {"uv": [8, 0, 16, 9], "rotation": 180, "texture": "#0"},
				"south": {"uv": [16, 0, 8, 9], "rotation": 180, "texture": "#0"}
			}
		},
		{
			"from": [0, 7.9, 6.8],
			"to": [16, 7.9, 15.8],
			"rotation": {"angle": -45, "axis": "x", "origin": [8, 8, 16]},
			"faces": {
				"up": {"uv": [8, 0, 16, 9], "rotation": 180, "texture": "#0"},
				"down": {"uv": [16, 0, 8, 9], "texture": "#0"}
			}
		}
	]
}