{
	"credit": "Made with Blockbench",
	"ambientocclusion": false,
	"texture_size": [32, 16],
	"textures": {
		"0": "block/glow_lichen",
		"particle": "block/glow_lichen"
	},
	"elements": [
		{
			"from": [0, 0.1, 0],
			"to": [16, 0.1, 16],
			"rotation": {"angle": 0, "axis": "x", "origin": [8, 0.2, 8]},
			"faces": {
				"up": {"uv": [8, 0, 0, 16], "rotation": 180, "texture": "#0"},
				"down": {"uv": [0, 0, 8, 16], "texture": "#0"}
			}
		},
		{
			"from": [0, 0.1, 8.1],
			"to": [16, 9.1, 8.1],
			"rotation": {"angle": 45, "axis": "x", "origin": [8, 0.2, 8]},
			"faces": {
				"north": {"uv": [16, 0, 8, 9], "rotation": 180, "texture": "#0"},
				"south": {"uv": [16, 0, 8, 9], "rotation": 180, "texture": "#0"}
			}
		},
		{
			"from": [0, 0.1, -0.9],
			"to": [16, 0.1, 8.1],
			"rotation": {"angle": 45, "axis": "x", "origin": [8, 0.2, 8]},
			"faces": {
				"up": {"uv": [8, 0, 16, 9], "rotation": 180, "texture": "#0"},
				"down": {"uv": [16, 0, 8, 9], "texture": "#0"}
			}
		}
	]
}