{
	"credit": "Made with Blockbench",
	"ambientocclusion": false,
	"texture_size": [32, 16],
	"textures": {
		"particle": "block/lily_pad",
		"texture": "block/lily_pad"
	},
	"elements": [
		{
			"from": [0, 0.1, 0],
			"to": [16, 0.1, 16],
			"rotation": {"angle": 0, "axis": "y", "origin": [0, 0.2, 0]},
			"faces": {
				"up": {"uv": [0, 0, 8, 16], "texture": "#texture"},
				"down": {"uv": [0, 16, 8, 0], "texture": "#texture"}
			}
		},
		{
			"from": [0, 0.1, 0],
			"to": [16, 0.1, 16],
			"rotation": {"angle": 0, "axis": "y", "origin": [0, 0.2, 0]},
			"faces": {
				"up": {"uv": [0, 0, 8, 16], "texture": "#texture"},
				"down": {"uv": [0, 16, 8, 0], "texture": "#texture"}
			}
		},
		{
			"from": [1, 0.1, 6],
			"to": [7, 0.1, 11],
			"rotation": {"angle": -22.5, "axis": "z", "origin": [7, 0.1, 8.5]},
			"faces": {
				"north": {"uv": [0, 0, 0, 0], "rotation": 90, "texture": "#texture"},
				"east": {"uv": [0, 0, 0, 0], "rotation": 270, "texture": "#texture"},
				"south": {"uv": [0, 0, 0, 0], "rotation": 270, "texture": "#texture"},
				"west": {"uv": [0, 0, 0, 0], "rotation": 270, "texture": "#texture"},
				"up": {"uv": [10.5, 3, 8, 9], "rotation": 270, "texture": "#texture"},
				"down": {"uv": [8, 3, 10.5, 9], "rotation": 270, "texture": "#texture"}
			}
		},
		{
			"from": [10, 0.1, 6],
			"to": [16, 0.1, 11],
			"rotation": {"angle": 22.5, "axis": "z", "origin": [10, 0.1, 8.5]},
			"faces": {
				"north": {"uv": [0, 0, 0, 0], "rotation": 270, "texture": "#texture"},
				"east": {"uv": [0, 0, 0, 0], "rotation": 90, "texture": "#texture"},
				"south": {"uv": [0, 0, 0, 0], "rotation": 90, "texture": "#texture"},
				"west": {"uv": [0, 0, 0, 0], "rotation": 90, "texture": "#texture"},
				"up": {"uv": [10.5, 3, 8, 9], "rotation": 90, "texture": "#texture"},
				"down": {"uv": [8, 3, 10.5, 9], "rotation": 90, "texture": "#texture"}
			}
		},
		{
			"from": [6, 0.1, 10],
			"to": [11, 0.1, 16],
			"rotation": {"angle": -22.5, "axis": "x", "origin": [8.5, 0.1, 10]},
			"faces": {
				"north": {"uv": [0, 0, 0, 0], "rotation": 180, "texture": "#texture"},
				"east": {"uv": [0, 0, 0, 0], "rotation": 270, "texture": "#texture"},
				"south": {"uv": [0, 0, 0, 0], "texture": "#texture"},
				"west": {"uv": [0, 0, 0, 0], "rotation": 90, "texture": "#texture"},
				"up": {"uv": [10.5, 3, 8, 9], "rotation": 180, "texture": "#texture"},
				"down": {"uv": [8, 3, 10.5, 9], "texture": "#texture"}
			}
		},
		{
			"from": [6, 0.1, 1],
			"to": [11, 0.1, 7],
			"rotation": {"angle": 22.5, "axis": "x", "origin": [8.5, 0.1, 7]},
			"faces": {
				"north": {"uv": [0, 0, 0, 0], "rotation": 180, "texture": "#texture"},
				"east": {"uv": [0, 0, 0, 0], "rotation": 90, "texture": "#texture"},
				"south": {"uv": [0, 0, 0, 0], "texture": "#texture"},
				"west": {"uv": [0, 0, 0, 0], "rotation": 270, "texture": "#texture"},
				"up": {"uv": [10.5, 3, 8, 9], "texture": "#texture"},
				"down": {"uv": [8, 3, 10.5, 9], "rotation": 180, "texture": "#texture"}
			}
		},
		{
			"from": [6, 0.1, 2],
			"to": [11, 0.1, 8],
			"rotation": {"angle": 22.5, "axis": "x", "origin": [8.5, 0.1, 8]},
			"faces": {
				"north": {"uv": [2.5, 0, 2.5, 0], "rotation": 180, "texture": "#texture"},
				"east": {"uv": [2.5, 0, 2.5, 0], "rotation": 90, "texture": "#texture"},
				"south": {"uv": [2.5, 0, 2.5, 0], "texture": "#texture"},
				"west": {"uv": [2.5, 0, 2.5, 0], "rotation": 270, "texture": "#texture"},
				"up": {"uv": [13, 3, 10.5, 9], "texture": "#texture"},
				"down": {"uv": [10.5, 3, 13, 9], "rotation": 180, "texture": "#texture"}
			}
		},
		{
			"from": [6, 0.1, 11],
			"to": [11, 0.1, 17],
			"rotation": {"angle": -22.5, "axis": "x", "origin": [8.5, 0.1, 11]},
			"faces": {
				"north": {"uv": [2.5, 0, 2.5, 0], "rotation": 180, "texture": "#texture"},
				"east": {"uv": [2.5, 0, 2.5, 0], "rotation": 270, "texture": "#texture"},
				"south": {"uv": [2.5, 0, 2.5, 0], "texture": "#texture"},
				"west": {"uv": [2.5, 0, 2.5, 0], "rotation": 90, "texture": "#texture"},
				"up": {"uv": [13, 3, 10.5, 9], "rotation": 180, "texture": "#texture"},
				"down": {"uv": [10.5, 3, 13, 9], "texture": "#texture"}
			}
		},
		{
			"from": [10, 0.1, 7],
			"to": [16, 0.1, 12],
			"rotation": {"angle": 22.5, "axis": "z", "origin": [10, 0.1, 9.5]},
			"faces": {
				"north": {"uv": [2.5, 0, 2.5, 0], "rotation": 270, "texture": "#texture"},
				"east": {"uv": [2.5, 0, 2.5, 0], "rotation": 90, "texture": "#texture"},
				"south": {"uv": [2.5, 0, 2.5, 0], "rotation": 90, "texture": "#texture"},
				"west": {"uv": [2.5, 0, 2.5, 0], "rotation": 90, "texture": "#texture"},
				"up": {"uv": [13, 3, 10.5, 9], "rotation": 90, "texture": "#texture"},
				"down": {"uv": [10.5, 3, 13, 9], "rotation": 90, "texture": "#texture"}
			}
		},
		{
			"from": [1, 0.1, 7],
			"to": [7, 0.1, 12],
			"rotation": {"angle": -22.5, "axis": "z", "origin": [7, 0.1, 9.5]},
			"faces": {
				"north": {"uv": [2.5, 0, 2.5, 0], "rotation": 90, "texture": "#texture"},
				"east": {"uv": [2.5, 0, 2.5, 0], "rotation": 270, "texture": "#texture"},
				"south": {"uv": [2.5, 0, 2.5, 0], "rotation": 270, "texture": "#texture"},
				"west": {"uv": [2.5, 0, 2.5, 0], "rotation": 270, "texture": "#texture"},
				"up": {"uv": [13, 3, 10.5, 9], "rotation": 270, "texture": "#texture"},
				"down": {"uv": [10.5, 3, 13, 9], "rotation": 270, "texture": "#texture"}
			}
		},
		{
			"from": [-1, 0.1, 5],
			"to": [5, 0.1, 10],
			"rotation": {"angle": -22.5, "axis": "z", "origin": [5, 0.1, 7.5]},
			"faces": {
				"north": {"uv": [5, 0, 5, 0], "rotation": 90, "texture": "#texture"},
				"east": {"uv": [5, 0, 5, 0], "rotation": 270, "texture": "#texture"},
				"south": {"uv": [5, 0, 5, 0], "rotation": 270, "texture": "#texture"},
				"west": {"uv": [5, 0, 5, 0], "rotation": 270, "texture": "#texture"},
				"up": {"uv": [15.5, 3, 13, 9], "rotation": 270, "texture": "#texture"},
				"down": {"uv": [13, 3, 15.5, 9], "rotation": 270, "texture": "#texture"}
			}
		},
		{
			"from": [8, 0.1, 5],
			"to": [14, 0.1, 10],
			"rotation": {"angle": 22.5, "axis": "z", "origin": [8, 0.1, 7.5]},
			"faces": {
				"north": {"uv": [5, 0, 5, 0], "rotation": 270, "texture": "#texture"},
				"east": {"uv": [5, 0, 5, 0], "rotation": 90, "texture": "#texture"},
				"south": {"uv": [5, 0, 5, 0], "rotation": 90, "texture": "#texture"},
				"west": {"uv": [5, 0, 5, 0], "rotation": 90, "texture": "#texture"},
				"up": {"uv": [15.5, 3, 13, 9], "rotation": 90, "texture": "#texture"},
				"down": {"uv": [13, 3, 15.5, 9], "rotation": 90, "texture": "#texture"}
			}
		},
		{
			"from": [4, 0.1, 9],
			"to": [9, 0.1, 15],
			"rotation": {"angle": -22.5, "axis": "x", "origin": [6.5, 0.1, 9]},
			"faces": {
				"north": {"uv": [5, 0, 5, 0], "rotation": 180, "texture": "#texture"},
				"east": {"uv": [5, 0, 5, 0], "rotation": 270, "texture": "#texture"},
				"south": {"uv": [5, 0, 5, 0], "texture": "#texture"},
				"west": {"uv": [5, 0, 5, 0], "rotation": 90, "texture": "#texture"},
				"up": {"uv": [15.5, 3, 13, 9], "rotation": 180, "texture": "#texture"},
				"down": {"uv": [13, 3, 15.5, 9], "texture": "#texture"}
			}
		},
		{
			"from": [4, 0.1, 0],
			"to": [9, 0.1, 6],
			"rotation": {"angle": 22.5, "axis": "x", "origin": [6.5, 0.1, 6]},
			"faces": {
				"north": {"uv": [5, 0, 5, 0], "rotation": 180, "texture": "#texture"},
				"east": {"uv": [5, 0, 5, 0], "rotation": 90, "texture": "#texture"},
				"south": {"uv": [5, 0, 5, 0], "texture": "#texture"},
				"west": {"uv": [5, 0, 5, 0], "rotation": 270, "texture": "#texture"},
				"up": {"uv": [15.5, 3, 13, 9], "texture": "#texture"},
				"down": {"uv": [13, 3, 15.5, 9], "rotation": 180, "texture": "#texture"}
			}
		}
	]
}