{
	"credit": "Made with Blockbench",
	"parent": "minecraft:block/flowerbed_4",
	"texture_size": [32, 16],
	"textures": {
		"flowerbed": "block/pink_petals"
	},
	"elements": [
		{
			"from": [8, 2, 0],
			"to": [16, 2, 8],
			"faces": {
				"up": {"uv": [4, 0, 8, 8], "texture": "#flowerbed"},
				"down": {"uv": [4, 8, 8, 0], "texture": "#flowerbed"}
			}
		},
		{
			"from": [12.4, 0, -7.7],
			"to": [12.4, 2, -6.7],
			"rotation": {"angle": -45, "axis": "y", "origin": [-1, 0, -3]},
			"faces": {
				"east": {"uv": [8, 5, 8.5, 7], "texture": "#flowerbed", "tintindex": 1},
				"west": {"uv": [8, 5, 8.5, 7], "texture": "#flowerbed", "tintindex": 1}
			}
		},
		{
			"from": [11.9, 0, -7.2],
			"to": [12.9, 2, -7.2],
			"rotation": {"angle": -45, "axis": "y", "origin": [-1, 0, -3]},
			"faces": {
				"north": {"uv": [8, 5, 8.5, 7], "texture": "#flowerbed", "tintindex": 1},
				"south": {"uv": [8, 5, 8.5, 7], "texture": "#flowerbed", "tintindex": 1}
			}
		},
		{
			"from": [13.35, 0, 10.05],
			"to": [14.35, 1.99, 10.05],
			"rotation": {"angle": -45, "axis": "y", "origin": [16, 0, 3]},
			"faces": {
				"north": {"uv": [10, 5, 10.5, 7], "texture": "#flowerbed", "tintindex": 1},
				"south": {"uv": [10, 5, 10.5, 7], "texture": "#flowerbed", "tintindex": 1}
			}
		},
		{
			"from": [13.85, 0, 9.55],
			"to": [13.85, 1.99, 10.55],
			"rotation": {"angle": -45, "axis": "y", "origin": [16, 0, 3]},
			"faces": {
				"east": {"uv": [10, 5, 10.5, 7], "texture": "#flowerbed", "tintindex": 1},
				"west": {"uv": [10, 5, 10.5, 7], "texture": "#flowerbed", "tintindex": 1}
			}
		},
		{
			"from": [11.1, 0, 5.3],
			"to": [11.1, 1.99, 6.3],
			"rotation": {"angle": -45, "axis": "y", "origin": [16, 0, 3]},
			"faces": {
				"east": {"uv": [10, 5, 10.5, 7], "texture": "#flowerbed", "tintindex": 1},
				"west": {"uv": [10, 5, 10.5, 7], "texture": "#flowerbed", "tintindex": 1}
			}
		},
		{
			"from": [10.6, 0, 5.8],
			"to": [11.6, 1.99, 5.8],
			"rotation": {"angle": -45, "axis": "y", "origin": [16, 0, 3]},
			"faces": {
				"north": {"uv": [10, 5, 10.5, 7], "texture": "#flowerbed", "tintindex": 1},
				"south": {"uv": [10, 5, 10.5, 7], "texture": "#flowerbed", "tintindex": 1}
			}
		},
		{
			"from": [10.6, 0, 5.8],
			"to": [11.6, 1.99, 5.8],
			"rotation": {"angle": -45, "axis": "y", "origin": [16, 0, 3]},
			"faces": {
				"north": {"uv": [14, 5, 14.5, 7], "texture": "#flowerbed", "tintindex": 1},
				"south": {"uv": [14, 5, 14.5, 7], "texture": "#flowerbed", "tintindex": 1}
			}
		},
		{
			"from": [11.1, 0, 5.3],
			"to": [11.1, 1.99, 6.3],
			"rotation": {"angle": -45, "axis": "y", "origin": [16, 0, 3]},
			"faces": {
				"east": {"uv": [14, 5, 14.5, 7], "texture": "#flowerbed", "tintindex": 1},
				"west": {"uv": [14, 5, 14.5, 7], "texture": "#flowerbed", "tintindex": 1}
			}
		},
		{
			"from": [13.85, 0, 9.55],
			"to": [13.85, 1.99, 10.55],
			"rotation": {"angle": -45, "axis": "y", "origin": [16, 0, 3]},
			"faces": {
				"east": {"uv": [14, 5, 14.5, 7], "texture": "#flowerbed", "tintindex": 1},
				"west": {"uv": [14, 5, 14.5, 7], "texture": "#flowerbed", "tintindex": 1}
			}
		},
		{
			"from": [13.35, 0, 10.05],
			"to": [14.35, 1.99, 10.05],
			"rotation": {"angle": -45, "axis": "y", "origin": [16, 0, 3]},
			"faces": {
				"north": {"uv": [14, 5, 14.5, 7], "texture": "#flowerbed", "tintindex": 1},
				"south": {"uv": [14, 5, 14.5, 7], "texture": "#flowerbed", "tintindex": 1}
			}
		},
		{
			"from": [14.85, 0, 5.15],
			"to": [15.85, 1.99, 5.15],
			"rotation": {"angle": -45, "axis": "y", "origin": [16, 0, 3]},
			"faces": {
				"north": {"uv": [14, 5, 14.5, 7], "texture": "#flowerbed", "tintindex": 1},
				"south": {"uv": [14, 5, 14.5, 7], "texture": "#flowerbed", "tintindex": 1}
			}
		},
		{
			"from": [16, 0, 4.65],
			"to": [16, 1.99, 5.65],
			"rotation": {"angle": -45, "axis": "y", "origin": [16, 0, 3]},
			"faces": {
				"east": {"uv": [10, 5, 10.5, 7], "texture": "#flowerbed", "tintindex": 1},
				"west": {"uv": [10, 5, 10.5, 7], "texture": "#flowerbed", "tintindex": 1}
			}
		},
		{
			"from": [13.9, 0, 6.75],
			"to": [13.9, 1.99, 7.75],
			"rotation": {"angle": -45, "axis": "y", "origin": [16, 0, 3]},
			"faces": {
				"east": {"uv": [12, 5, 12.5, 7], "texture": "#flowerbed", "tintindex": 1},
				"west": {"uv": [12, 5, 12.5, 7], "texture": "#flowerbed", "tintindex": 1}
			}
		},
		{
			"from": [13.4, 0, 7.25],
			"to": [14.4, 1.99, 7.25],
			"rotation": {"angle": -45, "axis": "y", "origin": [16, 0, 3]},
			"faces": {
				"north": {"uv": [12, 5, 12.5, 7], "texture": "#flowerbed", "tintindex": 1},
				"south": {"uv": [12, 5, 12.5, 7], "texture": "#flowerbed", "tintindex": 1}
			}
		},
		{
			"from": [15.5, 0, 5.15],
			"to": [16.5, 1.99, 5.15],
			"rotation": {"angle": -45, "axis": "y", "origin": [16, 0, 3]},
			"faces": {
				"north": {"uv": [10, 5, 10.5, 7], "texture": "#flowerbed", "tintindex": 1},
				"south": {"uv": [10, 5, 10.5, 7], "texture": "#flowerbed", "tintindex": 1}
			}
		}
	]
}