{
	"credit": "Made with Blockbench",
	"parent": "minecraft:block/flower_pot_cross",
	"textures": {
		"1": "block/flower_pot",
		"2": "block/dirt",
		"3": "block/red_mushroom",
		"particle": "block/dirt"
	},
	"elements": [
		{
			"from": [6, 4, 6],
			"to": [6, 6, 10],
			"faces": {
				"north": {"uv": [16, 10, 16, 16], "texture": "#1"},
				"east": {"uv": [6, 10, 10, 12], "texture": "#1"},
				"south": {"uv": [16, 10, 16, 16], "texture": "#1"},
				"west": {"uv": [16, 10, 16, 16], "texture": "#1"},
				"up": {"uv": [16, 10, 16, 16], "rotation": 90, "texture": "#1"},
				"down": {"uv": [16, 10, 16, 16], "rotation": 270, "texture": "#1"}
			}
		},
		{
			"from": [6, 4, 6],
			"to": [10, 6, 6],
			"faces": {
				"north": {"uv": [16, 10, 16, 16], "texture": "#1"},
				"east": {"uv": [16, 10, 16, 16], "texture": "#1"},
				"south": {"uv": [6, 10, 10, 12], "texture": "#1"},
				"west": {"uv": [16, 10, 16, 16], "texture": "#1"},
				"up": {"uv": [16, 10, 16, 16], "rotation": 180, "texture": "#1"},
				"down": {"uv": [16, 10, 16, 16], "rotation": 180, "texture": "#1"}
			}
		},
		{
			"from": [10, 4, 6],
			"to": [10, 6, 10],
			"faces": {
				"north": {"uv": [16, 10, 16, 16], "texture": "#1"},
				"east": {"uv": [16, 10, 16, 16], "texture": "#1"},
				"south": {"uv": [16, 10, 16, 16], "texture": "#1"},
				"west": {"uv": [6, 10, 10, 12], "texture": "#1"},
				"up": {"uv": [16, 10, 16, 16], "rotation": 270, "texture": "#1"},
				"down": {"uv": [16, 10, 16, 16], "rotation": 90, "texture": "#1"}
			}
		},
		{
			"from": [6, 4, 10],
			"to": [10, 6, 10],
			"faces": {
				"north": {"uv": [6, 10, 10, 12], "texture": "#1"},
				"east": {"uv": [16, 10, 16, 16], "texture": "#1"},
				"south": {"uv": [16, 10, 16, 16], "texture": "#1"},
				"west": {"uv": [16, 10, 16, 16], "texture": "#1"},
				"up": {"uv": [16, 10, 16, 16], "texture": "#1"},
				"down": {"uv": [16, 10, 16, 16], "texture": "#1"}
			}
		},
		{
			"from": [6, 4, 6],
			"to": [10, 4, 10],
			"faces": {
				"north": {"uv": [16, 10, 16, 16], "texture": "#missing"},
				"east": {"uv": [16, 10, 16, 16], "texture": "#missing"},
				"south": {"uv": [16, 10, 16, 16], "texture": "#missing"},
				"west": {"uv": [16, 10, 16, 16], "texture": "#missing"},
				"up": {"uv": [6, 6, 10, 10], "texture": "#2"},
				"down": {"uv": [16, 10, 16, 16], "texture": "#missing"}
			}
		},
		{
			"from": [5, 0, 5],
			"to": [11, 6, 11],
			"faces": {
				"north": {"uv": [5, 10, 11, 16], "texture": "#1"},
				"east": {"uv": [5, 10, 11, 16], "texture": "#1"},
				"south": {"uv": [5, 10, 11, 16], "texture": "#1"},
				"west": {"uv": [5, 10, 11, 16], "texture": "#1"},
				"up": {"uv": [5, 5, 11, 11], "texture": "#1"},
				"down": {"uv": [5, 10, 11, 16], "texture": "#1"}
			}
		},
		{
			"from": [7, 4, 7],
			"to": [9, 8, 9],
			"faces": {
				"north": {"uv": [0, 8, 1, 10], "texture": "#3"},
				"east": {"uv": [3, 8, 4, 10], "texture": "#3"},
				"south": {"uv": [2, 8, 3, 10], "texture": "#3"},
				"west": {"uv": [1, 8, 2, 10], "texture": "#3"},
				"up": {"uv": [4, 9, 5, 10], "texture": "#3"},
				"down": {"uv": [4, 8, 5, 9], "texture": "#3"}
			}
		},
		{
			"from": [4, 8, 4],
			"to": [12, 12, 12],
			"faces": {
				"north": {"uv": [0, 6, 4, 8], "texture": "#3"},
				"east": {"uv": [0, 4, 4, 6], "texture": "#3"},
				"south": {"uv": [0, 2, 4, 4], "texture": "#3"},
				"west": {"uv": [0, 0, 4, 2], "texture": "#3"},
				"up": {"uv": [4, 4, 8, 8], "texture": "#3"},
				"down": {"uv": [4, 0, 8, 4], "texture": "#3"}
			}
		}
	]
}