{
	"credit": "Made with Blockbench",
	"parent": "minecraft:block/flower_pot_cross",
	"texture_size": [32, 32],
	"textures": {
		"1": "block/flower_pot",
		"2": "block/dirt",
		"particle": "block/dirt",
		"plant": "block/warped_fungus"
	},
	"elements": [
		{
			"from": [6, 4, 6],
			"to": [6, 6, 10],
			"faces": {
				"north": {"uv": [16, 10, 16, 16], "texture": "#missing"},
				"east": {"uv": [6, 10, 10, 12], "texture": "#1"},
				"south": {"uv": [16, 10, 16, 16], "texture": "#missing"},
				"west": {"uv": [16, 10, 16, 16], "texture": "#1"},
				"up": {"uv": [16, 10, 16, 16], "rotation": 90, "texture": "#missing"},
				"down": {"uv": [16, 10, 16, 16], "rotation": 270, "texture": "#missing"}
			}
		},
		{
			"from": [6, 4, 6],
			"to": [10, 6, 6],
			"faces": {
				"north": {"uv": [16, 10, 16, 16], "texture": "#1"},
				"east": {"uv": [16, 10, 16, 16], "texture": "#missing"},
				"south": {"uv": [6, 10, 10, 12], "texture": "#1"},
				"west": {"uv": [16, 10, 16, 16], "texture": "#missing"},
				"up": {"uv": [16, 10, 16, 16], "rotation": 180, "texture": "#missing"},
				"down": {"uv": [16, 10, 16, 16], "rotation": 180, "texture": "#missing"}
			}
		},
		{
			"from": [10, 4, 6],
			"to": [10, 6, 10],
			"faces": {
				"north": {"uv": [16, 10, 16, 16], "texture": "#missing"},
				"east": {"uv": [16, 10, 16, 16], "texture": "#1"},
				"south": {"uv": [16, 10, 16, 16], "texture": "#missing"},
				"west": {"uv": [6, 10, 10, 12], "texture": "#1"},
				"up": {"uv": [16, 10, 16, 16], "rotation": 270, "texture": "#missing"},
				"down": {"uv": [16, 10, 16, 16], "rotation": 90, "texture": "#missing"}
			}
		},
		{
			"from": [6, 4, 10],
			"to": [10, 6, 10],
			"faces": {
				"north": {"uv": [6, 10, 10, 12], "texture": "#1"},
				"east": {"uv": [16, 10, 16, 16], "texture": "#missing"},
				"south": {"uv": [16, 10, 16, 16], "texture": "#1"},
				"west": {"uv": [16, 10, 16, 16], "texture": "#missing"},
				"up": {"uv": [16, 10, 16, 16], "texture": "#missing"},
				"down": {"uv": [16, 10, 16, 16], "texture": "#missing"}
			}
		},
		{
			"from": [6, 4, 6],
			"to": [10, 4, 10],
			"faces": {
				"north": {"uv": [16, 10, 16, 16], "texture": "#missing"},
				"east": {"uv": [16, 10, 16, 16], "texture": "#missing"},
				"south": {"uv": [16, 10, 16, 16], "texture": "#missing"},
				"west": {"uv": [16, 10, 16, 16], "texture": "#missing"},
				"up": {"uv": [6, 6, 10, 10], "texture": "#2"},
				"down": {"uv": [6, 10, 10, 6], "texture": "#2"}
			}
		},
		{
			"from": [5, 0, 5],
			"to": [11, 6, 11],
			"faces": {
				"north": {"uv": [5, 10, 11, 16], "texture": "#1"},
				"east": {"uv": [5, 10, 11, 16], "texture": "#1"},
				"south": {"uv": [5, 10, 11, 16], "texture": "#1"},
				"west": {"uv": [5, 10, 11, 16], "texture": "#1"},
				"up": {"uv": [5, 5, 11, 11], "texture": "#1"},
				"down": {"uv": [5, 10, 11, 16], "texture": "#1"}
			}
		},
		{
			"from": [3, 9, 3],
			"to": [13, 13, 13],
			"faces": {
				"north": {"uv": [5, 12, 10, 14], "texture": "#plant"},
				"east": {"uv": [5, 14, 10, 16], "texture": "#plant"},
				"south": {"uv": [5, 8, 10, 10], "texture": "#plant"},
				"west": {"uv": [5, 10, 10, 12], "texture": "#plant"},
				"up": {"uv": [0, 6, 5, 11], "texture": "#plant"},
				"down": {"uv": [0, 11, 5, 16], "texture": "#plant"}
			}
		},
		{
			"from": [7, 4, 7],
			"to": [9, 9, 9],
			"faces": {
				"north": {"uv": [8, 5.5, 9, 8], "texture": "#plant"},
				"east": {"uv": [7, 5.5, 8, 8], "texture": "#plant"},
				"south": {"uv": [6, 5.5, 7, 8], "texture": "#plant"},
				"west": {"uv": [5, 5.5, 6, 8], "texture": "#plant"},
				"up": {"uv": [10, 7, 9, 6], "texture": "#plant"},
				"down": {"uv": [9, 7, 10, 8], "texture": "#plant"}
			}
		}
	]
}