{
	"credit": "Made with Blockbench",
	"ambientocclusion": false,
	"texture_size": [32, 16],
	"textures": {
		"particle": "block/sculk_vein",
		"sculk_vein": "block/sculk_vein"
	},
	"elements": [
		{
			"from": [0, 0.1, 0],
			"to": [16, 0.1, 16],
			"rotation": {"angle": 0, "axis": "x", "origin": [8, 0, 8]},
			"faces": {
				"up": {"uv": [0, 0, 8, 16], "texture": "#sculk_vein"},
				"down": {"uv": [0, 0, 8, 16], "rotation": 180, "texture": "#sculk_vein"}
			}
		},
		{
			"from": [9, 4.1, 7],
			"to": [13, 4.1, 11],
			"rotation": {"angle": 0, "axis": "x", "origin": [8, 0, 8]},
			"faces": {
				"up": {"uv": [13, 0, 15, 4], "texture": "#sculk_vein"},
				"down": {"uv": [13, 0, 15, 4], "rotation": 180, "texture": "#sculk_vein"}
			}
		},
		{
			"from": [2, 3.1, 2],
			"to": [4, 3.1, 4],
			"rotation": {"angle": 0, "axis": "x", "origin": [8, 0, 8]},
			"faces": {
				"up": {"uv": [15, 0, 16, 2], "texture": "#sculk_vein"},
				"down": {"uv": [15, 0, 16, 2], "rotation": 180, "texture": "#sculk_vein"}
			}
		},
		{
			"from": [11, 8.1, 11],
			"to": [13, 8.1, 13],
			"rotation": {"angle": 0, "axis": "x", "origin": [8, 0, 8]},
			"faces": {
				"up": {"uv": [15, 2, 16, 4], "texture": "#sculk_vein"},
				"down": {"uv": [15, 2, 16, 4], "rotation": 180, "texture": "#sculk_vein"}
			}
		},
		{
			"from": [2, 1.1, 9],
			"to": [7, 1.1, 13],
			"rotation": {"angle": 0, "axis": "x", "origin": [8, 0, 8]},
			"faces": {
				"up": {"uv": [10.5, 0, 13, 4], "texture": "#sculk_vein"},
				"down": {"uv": [10.5, 0, 13, 4], "rotation": 180, "texture": "#sculk_vein"}
			}
		},
		{
			"from": [8, 7.1, 2],
			"to": [13, 7.1, 6],
			"rotation": {"angle": 0, "axis": "x", "origin": [8, 0, 8]},
			"faces": {
				"up": {"uv": [10.5, 0, 13, 4], "texture": "#sculk_vein"},
				"down": {"uv": [10.5, 0, 13, 4], "rotation": 180, "texture": "#sculk_vein"}
			}
		},
		{
			"from": [3, 9.1, 6],
			"to": [8, 9.1, 10],
			"rotation": {"angle": 0, "axis": "x", "origin": [8, 0, 8]},
			"faces": {
				"up": {"uv": [8, 0, 10.5, 4], "texture": "#sculk_vein"},
				"down": {"uv": [8, 0, 10.5, 4], "rotation": 180, "texture": "#sculk_vein"}
			}
		},
		{
			"from": [8, 0.1, 0],
			"to": [8, 12.1, 16],
			"rotation": {"angle": -45, "axis": "y", "origin": [8, 0, 8]},
			"faces": {
				"north": {"uv": [0, 0, 0, 0], "rotation": 180, "texture": "#missing"},
				"east": {"uv": [8, 4, 16.00001, 16], "texture": "#sculk_vein"},
				"south": {"uv": [0, 0, 0, 0], "texture": "#missing"},
				"west": {"uv": [16, 4, 8, 16], "texture": "#sculk_vein"},
				"up": {"uv": [0, 0, 0, 0], "texture": "#sculk_vein"},
				"down": {"uv": [0, 0, 0, 0], "rotation": 180, "texture": "#sculk_vein"}
			}
		},
		{
			"from": [8, 0.1, 0],
			"to": [8, 12.1, 16],
			"rotation": {"angle": 45, "axis": "y", "origin": [8, 0, 8]},
			"faces": {
				"north": {"uv": [0, 0, 0, 0], "texture": "#missing"},
				"east": {"uv": [8, 4, 16.00001, 16], "texture": "#sculk_vein"},
				"south": {"uv": [0, 0, 0, 0], "rotation": 180, "texture": "#missing"},
				"west": {"uv": [16, 4, 8, 16], "texture": "#sculk_vein"},
				"up": {"uv": [0, 0, 0, 0], "rotation": 180, "texture": "#sculk_vein"},
				"down": {"uv": [0, 0, 0, 0], "texture": "#sculk_vein"}
			}
		}
	]
}