{
	"credit": "Made with Blockbench",
	"ambientocclusion": false,
	"texture_size": [32, 16],
	"textures": {
		"particle": "block/sculk_vein",
		"sculk_vein": "block/sculk_vein"
	},
	"elements": [
		{
			"from": [15.9, 0, 0],
			"to": [15.9, 16, 16],
			"rotation": {"angle": 0, "axis": "y", "origin": [16, 8, 8]},
			"faces": {
				"east": {"uv": [0, 0, 8, 16], "texture": "#sculk_vein"},
				"west": {"uv": [0, 0, 8, 16], "texture": "#sculk_vein"}
			}
		},
		{
			"from": [11.9, 5, 9],
			"to": [11.9, 9, 13],
			"rotation": {"angle": 0, "axis": "y", "origin": [16, 8, 8]},
			"faces": {
				"east": {"uv": [13, 0, 15, 4], "texture": "#sculk_vein"},
				"west": {"uv": [13, 0, 15, 4], "texture": "#sculk_vein"}
			}
		},
		{
			"from": [12.9, 12, 2],
			"to": [12.9, 14, 4],
			"rotation": {"angle": 0, "axis": "y", "origin": [16, 8, 8]},
			"faces": {
				"east": {"uv": [15, 0, 16, 2], "texture": "#sculk_vein"},
				"west": {"uv": [15, 0, 16, 2], "texture": "#sculk_vein"}
			}
		},
		{
			"from": [7.9, 3, 11],
			"to": [7.9, 5, 13],
			"rotation": {"angle": 0, "axis": "y", "origin": [16, 8, 8]},
			"faces": {
				"east": {"uv": [15, 2, 16, 4], "texture": "#sculk_vein"},
				"west": {"uv": [15, 2, 16, 4], "texture": "#sculk_vein"}
			}
		},
		{
			"from": [14.9, 3, 2],
			"to": [14.9, 7, 7],
			"rotation": {"angle": 0, "axis": "y", "origin": [16, 8, 8]},
			"faces": {
				"east": {"uv": [10.5, 0, 13, 4], "texture": "#sculk_vein"},
				"west": {"uv": [10.5, 0, 13, 4], "texture": "#sculk_vein"}
			}
		},
		{
			"from": [8.9, 10, 8],
			"to": [8.9, 14, 13],
			"rotation": {"angle": 0, "axis": "y", "origin": [16, 8, 8]},
			"faces": {
				"east": {"uv": [10.5, 0, 13, 4], "texture": "#sculk_vein"},
				"west": {"uv": [10.5, 0, 13, 4], "texture": "#sculk_vein"}
			}
		},
		{
			"from": [6.9, 6, 3],
			"to": [6.9, 10, 8],
			"rotation": {"angle": 0, "axis": "y", "origin": [16, 8, 8]},
			"faces": {
				"east": {"uv": [8, 0, 10.5, 4], "texture": "#sculk_vein"},
				"west": {"uv": [8, 0, 10.5, 4], "texture": "#sculk_vein"}
			}
		},
		{
			"from": [3.9, 0, 8],
			"to": [15.9, 16, 8],
			"rotation": {"angle": 45, "axis": "x", "origin": [16, 8, 8]},
			"faces": {
				"north": {"uv": [16, 16, 8, 4], "rotation": 90, "texture": "#sculk_vein"},
				"east": {"uv": [0, 0, 0, 0], "texture": "#missing"},
				"south": {"uv": [8, 16, 16.00001, 4], "rotation": 270, "texture": "#sculk_vein"},
				"west": {"uv": [0, 0, 0, 0], "texture": "#missing"},
				"up": {"uv": [0, 0, 0, 0], "rotation": 90, "texture": "#missing"},
				"down": {"uv": [0, 0, 0, 0], "rotation": 270, "texture": "#missing"}
			}
		},
		{
			"from": [3.9, 0, 8],
			"to": [15.9, 16, 8],
			"rotation": {"angle": -45, "axis": "x", "origin": [16, 8, 8]},
			"faces": {
				"north": {"uv": [16, 16, 8, 4], "rotation": 90, "texture": "#sculk_vein"},
				"east": {"uv": [0, 0, 0, 0], "rotation": 180, "texture": "#missing"},
				"south": {"uv": [8, 16, 16.00001, 4], "rotation": 270, "texture": "#sculk_vein"},
				"west": {"uv": [0, 0, 0, 0], "rotation": 180, "texture": "#missing"},
				"up": {"uv": [0, 0, 0, 0], "rotation": 270, "texture": "#missing"},
				"down": {"uv": [0, 0, 0, 0], "rotation": 90, "texture": "#missing"}
			}
		}
	]
}