{
	"credit": "Made with Blockbench",
	"ambientocclusion": false,
	"texture_size": [32, 16],
	"textures": {
		"particle": "block/sculk_vein",
		"sculk_vein": "block/sculk_vein"
	},
	"elements": [
		{
			"from": [0, 0, 0.1],
			"to": [16, 16, 0.1],
			"faces": {
				"north": {"uv": [0, 0, 8, 16], "texture": "#sculk_vein"},
				"south": {"uv": [0, 0, 8, 16], "texture": "#sculk_vein"}
			}
		},
		{
			"from": [9, 5, 4.1],
			"to": [13, 9, 4.1],
			"faces": {
				"north": {"uv": [13, 0, 15, 4], "texture": "#sculk_vein"},
				"south": {"uv": [13, 0, 15, 4], "texture": "#sculk_vein"}
			}
		},
		{
			"from": [2, 12, 3.1],
			"to": [4, 14, 3.1],
			"faces": {
				"north": {"uv": [15, 0, 16, 2], "texture": "#sculk_vein"},
				"south": {"uv": [15, 0, 16, 2], "texture": "#sculk_vein"}
			}
		},
		{
			"from": [11, 3, 8.1],
			"to": [13, 5, 8.1],
			"faces": {
				"north": {"uv": [15, 2, 16, 4], "texture": "#sculk_vein"},
				"south": {"uv": [15, 2, 16, 4], "texture": "#sculk_vein"}
			}
		},
		{
			"from": [2, 3, 1.1],
			"to": [7, 7, 1.1],
			"faces": {
				"north": {"uv": [10.5, 0, 13, 4], "texture": "#sculk_vein"},
				"south": {"uv": [10.5, 0, 13, 4], "texture": "#sculk_vein"}
			}
		},
		{
			"from": [8, 10, 7.1],
			"to": [13, 14, 7.1],
			"faces": {
				"north": {"uv": [10.5, 0, 13, 4], "texture": "#sculk_vein"},
				"south": {"uv": [10.5, 0, 13, 4], "texture": "#sculk_vein"}
			}
		},
		{
			"from": [3, 6, 9.1],
			"to": [8, 10, 9.1],
			"faces": {
				"north": {"uv": [8, 0, 10.5, 4], "texture": "#sculk_vein"},
				"south": {"uv": [8, 0, 10.5, 4], "texture": "#sculk_vein"}
			}
		},
		{
			"from": [8, 0, 0.1],
			"to": [8, 16, 12.1],
			"rotation": {"angle": -45, "axis": "z", "origin": [8, 8, 0]},
			"faces": {
				"north": {"uv": [0, 0, 0, 0], "texture": "#missing"},
				"east": {"uv": [8, 4, 16.00001, 16], "rotation": 270, "texture": "#sculk_vein"},
				"south": {"uv": [0, 0, 0, 0], "texture": "#missing"},
				"west": {"uv": [16, 4, 8, 16], "rotation": 90, "texture": "#sculk_vein"},
				"up": {"uv": [0, 0, 0, 0], "texture": "#missing"},
				"down": {"uv": [0, 0, 0, 0], "texture": "#missing"}
			}
		},
		{
			"from": [8, 0, 0.1],
			"to": [8, 16, 12.1],
			"rotation": {"angle": 45, "axis": "z", "origin": [8, 8, 0]},
			"faces": {
				"north": {"uv": [0, 0, 0, 0], "rotation": 180, "texture": "#missing"},
				"east": {"uv": [8, 4, 16.00001, 16], "rotation": 270, "texture": "#sculk_vein"},
				"south": {"uv": [0, 0, 0, 0], "rotation": 180, "texture": "#missing"},
				"west": {"uv": [16, 4, 8, 16], "rotation": 90, "texture": "#sculk_vein"},
				"up": {"uv": [0, 0, 0, 0], "rotation": 180, "texture": "#missing"},
				"down": {"uv": [0, 0, 0, 0], "rotation": 180, "texture": "#missing"}
			}
		}
	],
	"display": {}
}