{
  "multipart": [
    {
      "when": {
        "up": "true"
      },
      "apply": {
        "model": "minecraft:block/glow_lichen_up",
        "uvlock": true

      }
    },
    {
      "when": {
        "up": "false",
        "north": "false",
        "west": "false",
        "south": "false",
        "east": "false",
        "down": "false"
      },
      "apply": {
        "model": "minecraft:block/glow_lichen",
        "uvlock": true

      }
    },
    {
      "when": {
        "north": "true"
      },
      "apply": {
        "model": "minecraft:block/glow_lichen_north",
        "uvlock": true
      }
    },
    {
      "when": {
        "up": "false",
        "north": "false",
        "west": "false",
        "south": "false",
        "east": "false",
        "down": "false"
      },
      "apply": {
        "model": "minecraft:block/glow_lichen",
        "uvlock": true
      }
    },
    {
      "when": {
        "west": "true"
      },
      "apply": {
        "model": "minecraft:block/glow_lichen_west",
        "uvlock": true
      }
    },
    {
      "when": {
        "up": "false",
        "north": "false",
        "west": "false",
        "south": "false",
        "east": "false",
        "down": "false"
      },
      "apply": {
        "model": "minecraft:block/glow_lichen",
        "uvlock": true
      }
    },
    {
      "when": {
        "south": "true"
      },
      "apply": {
        "model": "minecraft:block/glow_lichen_south",
        "uvlock": true
      }
    },
    {
      "when": {
        "up": "false",
        "north": "false",
        "west": "false",
        "south": "false",
        "east": "false",
        "down": "false"
      },
      "apply": {
        "model": "minecraft:block/glow_lichen",
        "uvlock": true
      }
    },
    {
      "when": {
        "east": "true"
      },
      "apply": {
        "model": "minecraft:block/glow_lichen_east",
        "uvlock": true
      }
    },
    {
      "when": {
        "up": "false",
        "north": "false",
        "west": "false",
        "south": "false",
        "east": "false",
        "down": "false"
      },
      "apply": {
        "model": "minecraft:block/glow_lichen",
        "uvlock": true
      }
    },
    {
      "when": {
        "down": "true"
      },
      "apply": {
        "model": "minecraft:block/glow_lichen_down",
        "uvlock": true
      }
    },
    {
      "when": {
        "up": "false",
        "north": "false",
        "west": "false",
        "south": "false",
        "east": "false",
        "down": "false"
      },
      "apply": {
        "model": "minecraft:block/glow_lichen",
        "uvlock": true
      }
    }
  ]
}